1228,Missing Number In Arithmetic Progression,52.6%,Easy,0.14893621100754167, https://leetcode.com/problems/missing-number-in-arithmetic-progression
545,Boundary of Binary Tree,38.9%,Medium,0.0877756108823857, https://leetcode.com/problems/boundary-of-binary-tree
472,Concatenated Words,43.7%,Hard,0.026615010757229714, https://leetcode.com/problems/concatenated-words
140,Word Break II,32.6%,Hard,0.01660836687673306, https://leetcode.com/problems/word-break-ii
73,Set Matrix Zeroes,43.1%,Medium,0.015010288493889185, https://leetcode.com/problems/set-matrix-zeroes
200,Number of Islands,46.8%,Medium,0.011015601921505717, https://leetcode.com/problems/number-of-islands
139,Word Break,40.1%,Medium,0.008429383994401785, https://leetcode.com/problems/word-break
937,Reorder Data in Log Files,54.3%,Easy,0.00802733590076424, https://leetcode.com/problems/reorder-data-in-log-files
127,Word Ladder,29.6%,Medium,0.005731495844689608, https://leetcode.com/problems/word-ladder
42,Trapping Rain Water,48.9%,Hard,0.00411947029523883, https://leetcode.com/problems/trapping-rain-water
23,Merge k Sorted Lists,40.2%,Hard,0.0038759738446929853, https://leetcode.com/problems/merge-k-sorted-lists
101,Symmetric Tree,46.8%,Easy,0.0032666423495169026, https://leetcode.com/problems/symmetric-tree
20,Valid Parentheses,39.0%,Easy,0.002197682330605871, https://leetcode.com/problems/valid-parentheses
121,Best Time to Buy and Sell Stock,50.5%,Easy,0.0020383211296970956, https://leetcode.com/problems/best-time-to-buy-and-sell-stock
1,Two Sum,45.6%,Easy,0.001767235914611495, https://leetcode.com/problems/two-sum
